czas,zgonów,wypisanych,średni czas ocz. na łóżko (min),średni czas w szpitalu (min),leki,badania
1440,0,0,0,0,,
1440,0,0,0,0,,
1440,0,0,0,0,,
1440,0,0,0,0,,
1440,0,0,0,0,,
1440,0,0,0,0,,
1440,0,0,0,0,,
1440,0,0,0,0,,
1440,0,0,0,0,,
1440,0,0,0,0,,
2880,0,9,413.33,93.33,Aspiryna: 7; Ibuprofen: 3; Leki przeciwbólowe: 5; Antybiotyk: 3; Paracetamol: 3,USG: 2; Konsultacja: 3; Gastroskopia: 2; CT: 1; Biopsja: 1
2880,0,9,413.33,93.33,Aspiryna: 7; Ibuprofen: 3; Leki przeciwbólowe: 5; Antybiotyk: 3; Paracetamol: 3,USG: 2; Konsultacja: 3; Gastroskopia: 2; CT: 1; Biopsja: 1
2880,0,9,413.33,93.33,Aspiryna: 7; Ibuprofen: 3; Leki przeciwbólowe: 5; Antybiotyk: 3; Paracetamol: 3,USG: 2; Konsultacja: 3; Gastroskopia: 2; CT: 1; Biopsja: 1
2880,0,9,413.33,93.33,Aspiryna: 7; Ibuprofen: 3; Leki przeciwbólowe: 5; Antybiotyk: 3; Paracetamol: 3,USG: 2; Konsultacja: 3; Gastroskopia: 2; CT: 1; Biopsja: 1
2880,0,9,413.33,93.33,Aspiryna: 7; Ibuprofen: 3; Leki przeciwbólowe: 5; Antybiotyk: 3; Paracetamol: 3,USG: 2; Konsultacja: 3; Gastroskopia: 2; CT: 1; Biopsja: 1
2880,0,9,413.33,93.33,Aspiryna: 7; Ibuprofen: 3; Leki przeciwbólowe: 5; Antybiotyk: 3; Paracetamol: 3,USG: 2; Konsultacja: 3; Gastroskopia: 2; CT: 1; Biopsja: 1
2880,0,9,413.33,93.33,Aspiryna: 7; Ibuprofen: 3; Leki przeciwbólowe: 5; Antybiotyk: 3; Paracetamol: 3,USG: 2; Konsultacja: 3; Gastroskopia: 2; CT: 1; Biopsja: 1
2880,0,9,413.33,93.33,Aspiryna: 7; Ibuprofen: 3; Leki przeciwbólowe: 5; Antybiotyk: 3; Paracetamol: 3,USG: 2; Konsultacja: 3; Gastroskopia: 2; CT: 1; Biopsja: 1
2880,0,9,413.33,93.33,Aspiryna: 7; Ibuprofen: 3; Leki przeciwbólowe: 5; Antybiotyk: 3; Paracetamol: 3,USG: 2; Konsultacja: 3; Gastroskopia: 2; CT: 1; Biopsja: 1
2880,0,9,413.33,93.33,Aspiryna: 7; Ibuprofen: 3; Leki przeciwbólowe: 5; Antybiotyk: 3; Paracetamol: 3,USG: 2; Konsultacja: 3; Gastroskopia: 2; CT: 1; Biopsja: 1
4320,0,19,565.26,107.37,Aspiryna: 12; Ibuprofen: 13; Leki przeciwbólowe: 10; Antybiotyk: 10; Paracetamol: 5,USG: 4; Konsultacja: 6; Gastroskopia: 2; CT: 3; Biopsja: 3; MR: 3; EKG: 1; RTG: 1; Kolonoskopia: 3
4320,0,19,565.26,107.37,Aspiryna: 12; Ibuprofen: 13; Leki przeciwbólowe: 10; Antybiotyk: 10; Paracetamol: 5,USG: 4; Konsultacja: 6; Gastroskopia: 2; CT: 3; Biopsja: 3; MR: 3; EKG: 1; RTG: 1; Kolonoskopia: 3
4320,0,19,565.26,107.37,Aspiryna: 12; Ibuprofen: 13; Leki przeciwbólowe: 10; Antybiotyk: 10; Paracetamol: 5,USG: 4; Konsultacja: 6; Gastroskopia: 2; CT: 3; Biopsja: 3; MR: 3; EKG: 1; RTG: 1; Kolonoskopia: 3
4320,0,19,565.26,107.37,Aspiryna: 12; Ibuprofen: 13; Leki przeciwbólowe: 10; Antybiotyk: 10; Paracetamol: 5,USG: 4; Konsultacja: 6; Gastroskopia: 2; CT: 3; Biopsja: 3; MR: 3; EKG: 1; RTG: 1; Kolonoskopia: 3
4320,0,19,565.26,107.37,Aspiryna: 12; Ibuprofen: 13; Leki przeciwbólowe: 10; Antybiotyk: 10; Paracetamol: 5,USG: 4; Konsultacja: 6; Gastroskopia: 2; CT: 3; Biopsja: 3; MR: 3; EKG: 1; RTG: 1; Kolonoskopia: 3
4320,0,19,565.26,107.37,Aspiryna: 12; Ibuprofen: 13; Leki przeciwbólowe: 10; Antybiotyk: 10; Paracetamol: 5,USG: 4; Konsultacja: 6; Gastroskopia: 2; CT: 3; Biopsja: 3; MR: 3; EKG: 1; RTG: 1; Kolonoskopia: 3
4320,0,19,565.26,107.37,Aspiryna: 12; Ibuprofen: 13; Leki przeciwbólowe: 10; Antybiotyk: 10; Paracetamol: 5,USG: 4; Konsultacja: 6; Gastroskopia: 2; CT: 3; Biopsja: 3; MR: 3; EKG: 1; RTG: 1; Kolonoskopia: 3
4320,0,19,565.26,107.37,Aspiryna: 12; Ibuprofen: 13; Leki przeciwbólowe: 10; Antybiotyk: 10; Paracetamol: 5,USG: 4; Konsultacja: 6; Gastroskopia: 2; CT: 3; Biopsja: 3; MR: 3; EKG: 1; RTG: 1; Kolonoskopia: 3
4320,0,19,565.26,107.37,Aspiryna: 12; Ibuprofen: 13; Leki przeciwbólowe: 10; Antybiotyk: 10; Paracetamol: 5,USG: 4; Konsultacja: 6; Gastroskopia: 2; CT: 3; Biopsja: 3; MR: 3; EKG: 1; RTG: 1; Kolonoskopia: 3
4320,0,19,565.26,107.37,Aspiryna: 12; Ibuprofen: 13; Leki przeciwbólowe: 10; Antybiotyk: 10; Paracetamol: 5,USG: 4; Konsultacja: 6; Gastroskopia: 2; CT: 3; Biopsja: 3; MR: 3; EKG: 1; RTG: 1; Kolonoskopia: 3
5760,0,38,570.0,118.42,Aspiryna: 26; Ibuprofen: 20; Leki przeciwbólowe: 28; Antybiotyk: 18; Paracetamol: 17,USG: 7; Konsultacja: 11; Gastroskopia: 4; CT: 4; Biopsja: 7; MR: 5; EKG: 1; RTG: 3; Kolonoskopia: 9
5760,0,38,570.0,118.42,Aspiryna: 26; Ibuprofen: 20; Leki przeciwbólowe: 28; Antybiotyk: 18; Paracetamol: 17,USG: 7; Konsultacja: 11; Gastroskopia: 4; CT: 4; Biopsja: 7; MR: 5; EKG: 1; RTG: 3; Kolonoskopia: 9
5760,0,38,570.0,118.42,Aspiryna: 26; Ibuprofen: 20; Leki przeciwbólowe: 28; Antybiotyk: 18; Paracetamol: 17,USG: 7; Konsultacja: 11; Gastroskopia: 4; CT: 4; Biopsja: 7; MR: 5; EKG: 1; RTG: 3; Kolonoskopia: 9
5760,0,38,570.0,118.42,Aspiryna: 26; Ibuprofen: 20; Leki przeciwbólowe: 28; Antybiotyk: 18; Paracetamol: 17,USG: 7; Konsultacja: 11; Gastroskopia: 4; CT: 4; Biopsja: 7; MR: 5; EKG: 1; RTG: 3; Kolonoskopia: 9
5760,0,39,561.54,115.38,Aspiryna: 26; Ibuprofen: 20; Leki przeciwbólowe: 33; Antybiotyk: 18; Paracetamol: 17,USG: 7; Konsultacja: 11; Gastroskopia: 4; CT: 4; Biopsja: 7; MR: 5; EKG: 1; RTG: 3; Kolonoskopia: 10
5760,0,39,561.54,115.38,Aspiryna: 26; Ibuprofen: 20; Leki przeciwbólowe: 33; Antybiotyk: 18; Paracetamol: 17,USG: 7; Konsultacja: 11; Gastroskopia: 4; CT: 4; Biopsja: 7; MR: 5; EKG: 1; RTG: 3; Kolonoskopia: 10
5760,0,39,561.54,115.38,Aspiryna: 26; Ibuprofen: 20; Leki przeciwbólowe: 33; Antybiotyk: 18; Paracetamol: 17,USG: 7; Konsultacja: 11; Gastroskopia: 4; CT: 4; Biopsja: 7; MR: 5; EKG: 1; RTG: 3; Kolonoskopia: 10
5760,0,39,561.54,115.38,Aspiryna: 26; Ibuprofen: 20; Leki przeciwbólowe: 33; Antybiotyk: 18; Paracetamol: 17,USG: 7; Konsultacja: 11; Gastroskopia: 4; CT: 4; Biopsja: 7; MR: 5; EKG: 1; RTG: 3; Kolonoskopia: 10
5760,0,39,561.54,115.38,Aspiryna: 26; Ibuprofen: 20; Leki przeciwbólowe: 33; Antybiotyk: 18; Paracetamol: 17,USG: 7; Konsultacja: 11; Gastroskopia: 4; CT: 4; Biopsja: 7; MR: 5; EKG: 1; RTG: 3; Kolonoskopia: 10
5760,0,39,561.54,115.38,Aspiryna: 26; Ibuprofen: 20; Leki przeciwbólowe: 33; Antybiotyk: 18; Paracetamol: 17,USG: 7; Konsultacja: 11; Gastroskopia: 4; CT: 4; Biopsja: 7; MR: 5; EKG: 1; RTG: 3; Kolonoskopia: 10
7200,0,59,529.83,177.97,Aspiryna: 42; Ibuprofen: 35; Leki przeciwbólowe: 44; Antybiotyk: 27; Paracetamol: 32,USG: 7; Konsultacja: 16; Gastroskopia: 8; CT: 8; Biopsja: 10; MR: 5; EKG: 3; RTG: 4; Kolonoskopia: 13; KREW: 1
7200,0,59,529.83,177.97,Aspiryna: 42; Ibuprofen: 35; Leki przeciwbólowe: 44; Antybiotyk: 27; Paracetamol: 32,USG: 7; Konsultacja: 16; Gastroskopia: 8; CT: 8; Biopsja: 10; MR: 5; EKG: 3; RTG: 4; Kolonoskopia: 13; KREW: 1
7200,0,59,529.83,177.97,Aspiryna: 42; Ibuprofen: 35; Leki przeciwbólowe: 44; Antybiotyk: 27; Paracetamol: 32,USG: 7; Konsultacja: 16; Gastroskopia: 8; CT: 8; Biopsja: 10; MR: 5; EKG: 3; RTG: 4; Kolonoskopia: 13; KREW: 1
7200,0,59,529.83,177.97,Aspiryna: 42; Ibuprofen: 35; Leki przeciwbólowe: 44; Antybiotyk: 27; Paracetamol: 32,USG: 7; Konsultacja: 16; Gastroskopia: 8; CT: 8; Biopsja: 10; MR: 5; EKG: 3; RTG: 4; Kolonoskopia: 13; KREW: 1
7200,0,59,529.83,177.97,Aspiryna: 42; Ibuprofen: 35; Leki przeciwbólowe: 44; Antybiotyk: 27; Paracetamol: 32,USG: 7; Konsultacja: 16; Gastroskopia: 8; CT: 8; Biopsja: 10; MR: 5; EKG: 3; RTG: 4; Kolonoskopia: 13; KREW: 1
7200,0,59,529.83,177.97,Aspiryna: 42; Ibuprofen: 35; Leki przeciwbólowe: 44; Antybiotyk: 27; Paracetamol: 32,USG: 7; Konsultacja: 16; Gastroskopia: 8; CT: 8; Biopsja: 10; MR: 5; EKG: 3; RTG: 4; Kolonoskopia: 13; KREW: 1
7200,0,59,529.83,177.97,Aspiryna: 42; Ibuprofen: 35; Leki przeciwbólowe: 44; Antybiotyk: 27; Paracetamol: 32,USG: 7; Konsultacja: 16; Gastroskopia: 8; CT: 8; Biopsja: 10; MR: 5; EKG: 3; RTG: 4; Kolonoskopia: 13; KREW: 1
7200,0,59,529.83,177.97,Aspiryna: 42; Ibuprofen: 35; Leki przeciwbólowe: 44; Antybiotyk: 27; Paracetamol: 32,USG: 7; Konsultacja: 16; Gastroskopia: 8; CT: 8; Biopsja: 10; MR: 5; EKG: 3; RTG: 4; Kolonoskopia: 13; KREW: 1
7200,0,59,529.83,177.97,Aspiryna: 42; Ibuprofen: 35; Leki przeciwbólowe: 44; Antybiotyk: 27; Paracetamol: 32,USG: 7; Konsultacja: 16; Gastroskopia: 8; CT: 8; Biopsja: 10; MR: 5; EKG: 3; RTG: 4; Kolonoskopia: 13; KREW: 1
7200,0,59,529.83,177.97,Aspiryna: 42; Ibuprofen: 35; Leki przeciwbólowe: 44; Antybiotyk: 27; Paracetamol: 32,USG: 7; Konsultacja: 16; Gastroskopia: 8; CT: 8; Biopsja: 10; MR: 5; EKG: 3; RTG: 4; Kolonoskopia: 13; KREW: 1
8640,0,75,509.6,209.6,Aspiryna: 50; Ibuprofen: 40; Leki przeciwbólowe: 53; Antybiotyk: 35; Paracetamol: 36,USG: 12; Konsultacja: 17; Gastroskopia: 11; CT: 11; Biopsja: 16; MR: 7; EKG: 9; RTG: 6; Kolonoskopia: 16; KREW: 4
8640,0,75,509.6,209.6,Aspiryna: 50; Ibuprofen: 40; Leki przeciwbólowe: 53; Antybiotyk: 35; Paracetamol: 36,USG: 12; Konsultacja: 17; Gastroskopia: 11; CT: 11; Biopsja: 16; MR: 7; EKG: 9; RTG: 6; Kolonoskopia: 16; KREW: 4
8640,0,75,509.6,209.6,Aspiryna: 50; Ibuprofen: 40; Leki przeciwbólowe: 53; Antybiotyk: 35; Paracetamol: 36,USG: 12; Konsultacja: 17; Gastroskopia: 11; CT: 11; Biopsja: 16; MR: 7; EKG: 9; RTG: 6; Kolonoskopia: 16; KREW: 4
8640,0,75,509.6,209.6,Aspiryna: 50; Ibuprofen: 40; Leki przeciwbólowe: 53; Antybiotyk: 35; Paracetamol: 36,USG: 12; Konsultacja: 17; Gastroskopia: 11; CT: 11; Biopsja: 16; MR: 7; EKG: 9; RTG: 6; Kolonoskopia: 16; KREW: 4
8640,0,75,509.6,209.6,Aspiryna: 50; Ibuprofen: 40; Leki przeciwbólowe: 53; Antybiotyk: 35; Paracetamol: 36,USG: 12; Konsultacja: 17; Gastroskopia: 11; CT: 11; Biopsja: 16; MR: 7; EKG: 9; RTG: 6; Kolonoskopia: 16; KREW: 4
8640,0,75,509.6,209.6,Aspiryna: 50; Ibuprofen: 40; Leki przeciwbólowe: 53; Antybiotyk: 35; Paracetamol: 36,USG: 12; Konsultacja: 17; Gastroskopia: 11; CT: 11; Biopsja: 16; MR: 7; EKG: 9; RTG: 6; Kolonoskopia: 16; KREW: 4
8640,0,75,509.6,209.6,Aspiryna: 50; Ibuprofen: 40; Leki przeciwbólowe: 53; Antybiotyk: 35; Paracetamol: 36,USG: 12; Konsultacja: 17; Gastroskopia: 11; CT: 11; Biopsja: 16; MR: 7; EKG: 9; RTG: 6; Kolonoskopia: 16; KREW: 4
8640,0,75,509.6,209.6,Aspiryna: 50; Ibuprofen: 40; Leki przeciwbólowe: 53; Antybiotyk: 35; Paracetamol: 36,USG: 12; Konsultacja: 17; Gastroskopia: 11; CT: 11; Biopsja: 16; MR: 7; EKG: 9; RTG: 6; Kolonoskopia: 16; KREW: 4
8640,0,75,509.6,209.6,Aspiryna: 50; Ibuprofen: 40; Leki przeciwbólowe: 53; Antybiotyk: 35; Paracetamol: 36,USG: 12; Konsultacja: 17; Gastroskopia: 11; CT: 11; Biopsja: 16; MR: 7; EKG: 9; RTG: 6; Kolonoskopia: 16; KREW: 4
8640,0,75,509.6,209.6,Aspiryna: 50; Ibuprofen: 40; Leki przeciwbólowe: 53; Antybiotyk: 35; Paracetamol: 36,USG: 12; Konsultacja: 17; Gastroskopia: 11; CT: 11; Biopsja: 16; MR: 7; EKG: 9; RTG: 6; Kolonoskopia: 16; KREW: 4
10080,0,96,539.38,194.38,Aspiryna: 63; Ibuprofen: 62; Leki przeciwbólowe: 66; Antybiotyk: 49; Paracetamol: 49,USG: 13; Konsultacja: 19; Gastroskopia: 13; CT: 16; Biopsja: 19; MR: 9; EKG: 12; RTG: 11; Kolonoskopia: 19; KREW: 8
10080,0,96,539.38,194.38,Aspiryna: 63; Ibuprofen: 62; Leki przeciwbólowe: 66; Antybiotyk: 49; Paracetamol: 49,USG: 13; Konsultacja: 19; Gastroskopia: 13; CT: 16; Biopsja: 19; MR: 9; EKG: 12; RTG: 11; Kolonoskopia: 19; KREW: 8
10080,0,96,539.38,194.38,Aspiryna: 63; Ibuprofen: 62; Leki przeciwbólowe: 66; Antybiotyk: 49; Paracetamol: 49,USG: 13; Konsultacja: 19; Gastroskopia: 13; CT: 16; Biopsja: 19; MR: 9; EKG: 12; RTG: 11; Kolonoskopia: 19; KREW: 8
10080,0,96,539.38,194.38,Aspiryna: 63; Ibuprofen: 62; Leki przeciwbólowe: 66; Antybiotyk: 49; Paracetamol: 49,USG: 13; Konsultacja: 19; Gastroskopia: 13; CT: 16; Biopsja: 19; MR: 9; EKG: 12; RTG: 11; Kolonoskopia: 19; KREW: 8
10080,0,96,539.38,194.38,Aspiryna: 63; Ibuprofen: 62; Leki przeciwbólowe: 66; Antybiotyk: 49; Paracetamol: 49,USG: 13; Konsultacja: 19; Gastroskopia: 13; CT: 16; Biopsja: 19; MR: 9; EKG: 12; RTG: 11; Kolonoskopia: 19; KREW: 8
10080,0,96,539.38,194.38,Aspiryna: 63; Ibuprofen: 62; Leki przeciwbólowe: 66; Antybiotyk: 49; Paracetamol: 49,USG: 13; Konsultacja: 19; Gastroskopia: 13; CT: 16; Biopsja: 19; MR: 9; EKG: 12; RTG: 11; Kolonoskopia: 19; KREW: 8
10080,0,96,539.38,194.38,Aspiryna: 63; Ibuprofen: 62; Leki przeciwbólowe: 66; Antybiotyk: 49; Paracetamol: 49,USG: 13; Konsultacja: 19; Gastroskopia: 13; CT: 16; Biopsja: 19; MR: 9; EKG: 12; RTG: 11; Kolonoskopia: 19; KREW: 8
10080,0,96,539.38,194.38,Aspiryna: 63; Ibuprofen: 62; Leki przeciwbólowe: 66; Antybiotyk: 49; Paracetamol: 49,USG: 13; Konsultacja: 19; Gastroskopia: 13; CT: 16; Biopsja: 19; MR: 9; EKG: 12; RTG: 11; Kolonoskopia: 19; KREW: 8
10080,0,96,539.38,194.38,Aspiryna: 63; Ibuprofen: 62; Leki przeciwbólowe: 66; Antybiotyk: 49; Paracetamol: 49,USG: 13; Konsultacja: 19; Gastroskopia: 13; CT: 16; Biopsja: 19; MR: 9; EKG: 12; RTG: 11; Kolonoskopia: 19; KREW: 8
10080,0,96,539.38,194.38,Aspiryna: 63; Ibuprofen: 62; Leki przeciwbólowe: 66; Antybiotyk: 49; Paracetamol: 49,USG: 13; Konsultacja: 19; Gastroskopia: 13; CT: 16; Biopsja: 19; MR: 9; EKG: 12; RTG: 11; Kolonoskopia: 19; KREW: 8
11520,0,111,541.62,189.19,Aspiryna: 70; Ibuprofen: 75; Leki przeciwbólowe: 72; Antybiotyk: 56; Paracetamol: 55,USG: 14; Konsultacja: 22; Gastroskopia: 14; CT: 17; Biopsja: 24; MR: 9; EKG: 18; RTG: 11; Kolonoskopia: 22; KREW: 10
11520,0,111,541.62,189.19,Aspiryna: 70; Ibuprofen: 75; Leki przeciwbólowe: 72; Antybiotyk: 56; Paracetamol: 55,USG: 14; Konsultacja: 22; Gastroskopia: 14; CT: 17; Biopsja: 24; MR: 9; EKG: 18; RTG: 11; Kolonoskopia: 22; KREW: 10
11520,0,111,541.62,189.19,Aspiryna: 70; Ibuprofen: 75; Leki przeciwbólowe: 72; Antybiotyk: 56; Paracetamol: 55,USG: 14; Konsultacja: 22; Gastroskopia: 14; CT: 17; Biopsja: 24; MR: 9; EKG: 18; RTG: 11; Kolonoskopia: 22; KREW: 10
11520,0,111,541.62,189.19,Aspiryna: 70; Ibuprofen: 75; Leki przeciwbólowe: 72; Antybiotyk: 56; Paracetamol: 55,USG: 14; Konsultacja: 22; Gastroskopia: 14; CT: 17; Biopsja: 24; MR: 9; EKG: 18; RTG: 11; Kolonoskopia: 22; KREW: 10
11520,0,111,541.62,189.19,Aspiryna: 70; Ibuprofen: 75; Leki przeciwbólowe: 72; Antybiotyk: 56; Paracetamol: 55,USG: 14; Konsultacja: 22; Gastroskopia: 14; CT: 17; Biopsja: 24; MR: 9; EKG: 18; RTG: 11; Kolonoskopia: 22; KREW: 10
11520,0,111,541.62,189.19,Aspiryna: 70; Ibuprofen: 75; Leki przeciwbólowe: 72; Antybiotyk: 56; Paracetamol: 55,USG: 14; Konsultacja: 22; Gastroskopia: 14; CT: 17; Biopsja: 24; MR: 9; EKG: 18; RTG: 11; Kolonoskopia: 22; KREW: 10
11520,0,111,541.62,189.19,Aspiryna: 70; Ibuprofen: 75; Leki przeciwbólowe: 72; Antybiotyk: 56; Paracetamol: 55,USG: 14; Konsultacja: 22; Gastroskopia: 14; CT: 17; Biopsja: 24; MR: 9; EKG: 18; RTG: 11; Kolonoskopia: 22; KREW: 10
11520,0,111,541.62,189.19,Aspiryna: 70; Ibuprofen: 75; Leki przeciwbólowe: 72; Antybiotyk: 56; Paracetamol: 55,USG: 14; Konsultacja: 22; Gastroskopia: 14; CT: 17; Biopsja: 24; MR: 9; EKG: 18; RTG: 11; Kolonoskopia: 22; KREW: 10
11520,0,111,541.62,189.19,Aspiryna: 70; Ibuprofen: 75; Leki przeciwbólowe: 72; Antybiotyk: 56; Paracetamol: 55,USG: 14; Konsultacja: 22; Gastroskopia: 14; CT: 17; Biopsja: 24; MR: 9; EKG: 18; RTG: 11; Kolonoskopia: 22; KREW: 10
11520,0,111,541.62,189.19,Aspiryna: 70; Ibuprofen: 75; Leki przeciwbólowe: 72; Antybiotyk: 56; Paracetamol: 55,USG: 14; Konsultacja: 22; Gastroskopia: 14; CT: 17; Biopsja: 24; MR: 9; EKG: 18; RTG: 11; Kolonoskopia: 22; KREW: 10
12960,0,127,543.78,194.65,Aspiryna: 82; Ibuprofen: 91; Leki przeciwbólowe: 77; Antybiotyk: 63; Paracetamol: 60,USG: 15; Konsultacja: 24; Gastroskopia: 17; CT: 17; Biopsja: 25; MR: 11; EKG: 20; RTG: 14; Kolonoskopia: 27; KREW: 11
12960,0,131,548.24,188.7,Aspiryna: 83; Ibuprofen: 92; Leki przeciwbólowe: 79; Antybiotyk: 67; Paracetamol: 64,USG: 15; Konsultacja: 24; Gastroskopia: 17; CT: 19; Biopsja: 26; MR: 11; EKG: 22; RTG: 15; Kolonoskopia: 28; KREW: 12
12960,0,131,548.24,188.7,Aspiryna: 83; Ibuprofen: 92; Leki przeciwbólowe: 79; Antybiotyk: 67; Paracetamol: 64,USG: 15; Konsultacja: 24; Gastroskopia: 17; CT: 19; Biopsja: 26; MR: 11; EKG: 22; RTG: 15; Kolonoskopia: 28; KREW: 12
12960,0,131,548.24,188.7,Aspiryna: 83; Ibuprofen: 92; Leki przeciwbólowe: 79; Antybiotyk: 67; Paracetamol: 64,USG: 15; Konsultacja: 24; Gastroskopia: 17; CT: 19; Biopsja: 26; MR: 11; EKG: 22; RTG: 15; Kolonoskopia: 28; KREW: 12
12960,0,131,548.24,188.7,Aspiryna: 83; Ibuprofen: 92; Leki przeciwbólowe: 79; Antybiotyk: 67; Paracetamol: 64,USG: 15; Konsultacja: 24; Gastroskopia: 17; CT: 19; Biopsja: 26; MR: 11; EKG: 22; RTG: 15; Kolonoskopia: 28; KREW: 12
12960,0,131,548.24,188.7,Aspiryna: 83; Ibuprofen: 92; Leki przeciwbólowe: 79; Antybiotyk: 67; Paracetamol: 64,USG: 15; Konsultacja: 24; Gastroskopia: 17; CT: 19; Biopsja: 26; MR: 11; EKG: 22; RTG: 15; Kolonoskopia: 28; KREW: 12
12960,0,131,548.24,188.7,Aspiryna: 83; Ibuprofen: 92; Leki przeciwbólowe: 79; Antybiotyk: 67; Paracetamol: 64,USG: 15; Konsultacja: 24; Gastroskopia: 17; CT: 19; Biopsja: 26; MR: 11; EKG: 22; RTG: 15; Kolonoskopia: 28; KREW: 12
12960,0,131,548.24,188.7,Aspiryna: 83; Ibuprofen: 92; Leki przeciwbólowe: 79; Antybiotyk: 67; Paracetamol: 64,USG: 15; Konsultacja: 24; Gastroskopia: 17; CT: 19; Biopsja: 26; MR: 11; EKG: 22; RTG: 15; Kolonoskopia: 28; KREW: 12
12960,0,131,548.24,188.7,Aspiryna: 83; Ibuprofen: 92; Leki przeciwbólowe: 79; Antybiotyk: 67; Paracetamol: 64,USG: 15; Konsultacja: 24; Gastroskopia: 17; CT: 19; Biopsja: 26; MR: 11; EKG: 22; RTG: 15; Kolonoskopia: 28; KREW: 12
12960,0,131,548.24,188.7,Aspiryna: 83; Ibuprofen: 92; Leki przeciwbólowe: 79; Antybiotyk: 67; Paracetamol: 64,USG: 15; Konsultacja: 24; Gastroskopia: 17; CT: 19; Biopsja: 26; MR: 11; EKG: 22; RTG: 15; Kolonoskopia: 28; KREW: 12
14400,0,150,573.6,228.4,Aspiryna: 87; Ibuprofen: 97; Leki przeciwbólowe: 87; Antybiotyk: 75; Paracetamol: 70,USG: 20; Konsultacja: 26; Gastroskopia: 23; CT: 22; Biopsja: 32; MR: 14; EKG: 28; RTG: 19; Kolonoskopia: 37; KREW: 18
14400,0,150,573.6,228.4,Aspiryna: 87; Ibuprofen: 97; Leki przeciwbólowe: 87; Antybiotyk: 75; Paracetamol: 70,USG: 20; Konsultacja: 26; Gastroskopia: 23; CT: 22; Biopsja: 32; MR: 14; EKG: 28; RTG: 19; Kolonoskopia: 37; KREW: 18
14400,0,150,573.6,228.4,Aspiryna: 87; Ibuprofen: 97; Leki przeciwbólowe: 87; Antybiotyk: 75; Paracetamol: 70,USG: 20; Konsultacja: 26; Gastroskopia: 23; CT: 22; Biopsja: 32; MR: 14; EKG: 28; RTG: 19; Kolonoskopia: 37; KREW: 18
14400,0,150,573.6,228.4,Aspiryna: 87; Ibuprofen: 97; Leki przeciwbólowe: 87; Antybiotyk: 75; Paracetamol: 70,USG: 20; Konsultacja: 26; Gastroskopia: 23; CT: 22; Biopsja: 32; MR: 14; EKG: 28; RTG: 19; Kolonoskopia: 37; KREW: 18
14400,0,150,573.6,228.4,Aspiryna: 87; Ibuprofen: 97; Leki przeciwbólowe: 87; Antybiotyk: 75; Paracetamol: 70,USG: 20; Konsultacja: 26; Gastroskopia: 23; CT: 22; Biopsja: 32; MR: 14; EKG: 28; RTG: 19; Kolonoskopia: 37; KREW: 18
14400,0,150,573.6,228.4,Aspiryna: 87; Ibuprofen: 97; Leki przeciwbólowe: 87; Antybiotyk: 75; Paracetamol: 70,USG: 20; Konsultacja: 26; Gastroskopia: 23; CT: 22; Biopsja: 32; MR: 14; EKG: 28; RTG: 19; Kolonoskopia: 37; KREW: 18
14400,0,150,573.6,228.4,Aspiryna: 87; Ibuprofen: 97; Leki przeciwbólowe: 87; Antybiotyk: 75; Paracetamol: 70,USG: 20; Konsultacja: 26; Gastroskopia: 23; CT: 22; Biopsja: 32; MR: 14; EKG: 28; RTG: 19; Kolonoskopia: 37; KREW: 18
14400,0,150,573.6,228.4,Aspiryna: 87; Ibuprofen: 97; Leki przeciwbólowe: 87; Antybiotyk: 75; Paracetamol: 70,USG: 20; Konsultacja: 26; Gastroskopia: 23; CT: 22; Biopsja: 32; MR: 14; EKG: 28; RTG: 19; Kolonoskopia: 37; KREW: 18
14400,0,150,573.6,228.4,Aspiryna: 87; Ibuprofen: 97; Leki przeciwbólowe: 87; Antybiotyk: 75; Paracetamol: 70,USG: 20; Konsultacja: 26; Gastroskopia: 23; CT: 22; Biopsja: 32; MR: 14; EKG: 28; RTG: 19; Kolonoskopia: 37; KREW: 18
14400,0,150,573.6,228.4,Aspiryna: 87; Ibuprofen: 97; Leki przeciwbólowe: 87; Antybiotyk: 75; Paracetamol: 70,USG: 20; Konsultacja: 26; Gastroskopia: 23; CT: 22; Biopsja: 32; MR: 14; EKG: 28; RTG: 19; Kolonoskopia: 37; KREW: 18
15840,0,167,565.15,222.4,Aspiryna: 103; Ibuprofen: 106; Leki przeciwbólowe: 97; Antybiotyk: 85; Paracetamol: 73,USG: 22; Konsultacja: 27; Gastroskopia: 27; CT: 26; Biopsja: 33; MR: 16; EKG: 31; RTG: 24; Kolonoskopia: 42; KREW: 22
15840,0,169,579.05,219.76,Aspiryna: 105; Ibuprofen: 109; Leki przeciwbólowe: 98; Antybiotyk: 86; Paracetamol: 73,USG: 22; Konsultacja: 28; Gastroskopia: 28; CT: 28; Biopsja: 34; MR: 17; EKG: 32; RTG: 25; Kolonoskopia: 43; KREW: 22
15840,0,169,579.05,219.76,Aspiryna: 105; Ibuprofen: 109; Leki przeciwbólowe: 98; Antybiotyk: 86; Paracetamol: 73,USG: 22; Konsultacja: 28; Gastroskopia: 28; CT: 28; Biopsja: 34; MR: 17; EKG: 32; RTG: 25; Kolonoskopia: 43; KREW: 22
15840,0,169,579.05,219.76,Aspiryna: 105; Ibuprofen: 109; Leki przeciwbólowe: 98; Antybiotyk: 86; Paracetamol: 73,USG: 22; Konsultacja: 28; Gastroskopia: 28; CT: 28; Biopsja: 34; MR: 17; EKG: 32; RTG: 25; Kolonoskopia: 43; KREW: 22
15840,0,169,579.05,219.76,Aspiryna: 105; Ibuprofen: 109; Leki przeciwbólowe: 98; Antybiotyk: 86; Paracetamol: 73,USG: 22; Konsultacja: 28; Gastroskopia: 28; CT: 28; Biopsja: 34; MR: 17; EKG: 32; RTG: 25; Kolonoskopia: 43; KREW: 22
15840,0,169,579.05,219.76,Aspiryna: 105; Ibuprofen: 109; Leki przeciwbólowe: 98; Antybiotyk: 86; Paracetamol: 73,USG: 22; Konsultacja: 28; Gastroskopia: 28; CT: 28; Biopsja: 34; MR: 17; EKG: 32; RTG: 25; Kolonoskopia: 43; KREW: 22
15840,0,170,583.41,224.82,Aspiryna: 105; Ibuprofen: 109; Leki przeciwbólowe: 98; Antybiotyk: 86; Paracetamol: 73,USG: 22; Konsultacja: 28; Gastroskopia: 28; CT: 29; Biopsja: 34; MR: 17; EKG: 33; RTG: 26; Kolonoskopia: 44; KREW: 22
15840,0,170,583.41,224.82,Aspiryna: 105; Ibuprofen: 109; Leki przeciwbólowe: 98; Antybiotyk: 86; Paracetamol: 73,USG: 22; Konsultacja: 28; Gastroskopia: 28; CT: 29; Biopsja: 34; MR: 17; EKG: 33; RTG: 26; Kolonoskopia: 44; KREW: 22
15840,0,170,583.41,224.82,Aspiryna: 105; Ibuprofen: 109; Leki przeciwbólowe: 98; Antybiotyk: 86; Paracetamol: 73,USG: 22; Konsultacja: 28; Gastroskopia: 28; CT: 29; Biopsja: 34; MR: 17; EKG: 33; RTG: 26; Kolonoskopia: 44; KREW: 22
15840,0,170,583.41,224.82,Aspiryna: 105; Ibuprofen: 109; Leki przeciwbólowe: 98; Antybiotyk: 86; Paracetamol: 73,USG: 22; Konsultacja: 28; Gastroskopia: 28; CT: 29; Biopsja: 34; MR: 17; EKG: 33; RTG: 26; Kolonoskopia: 44; KREW: 22
17280,1,182,575.6,235.38,Aspiryna: 109; Ibuprofen: 114; Leki przeciwbólowe: 103; Antybiotyk: 96; Paracetamol: 80,USG: 24; Konsultacja: 30; Gastroskopia: 30; CT: 30; Biopsja: 35; MR: 17; EKG: 35; RTG: 30; Kolonoskopia: 48; KREW: 23
17280,1,182,575.6,235.38,Aspiryna: 109; Ibuprofen: 114; Leki przeciwbólowe: 103; Antybiotyk: 96; Paracetamol: 80,USG: 24; Konsultacja: 30; Gastroskopia: 30; CT: 30; Biopsja: 35; MR: 17; EKG: 35; RTG: 30; Kolonoskopia: 48; KREW: 23
17280,1,182,575.6,235.38,Aspiryna: 109; Ibuprofen: 114; Leki przeciwbólowe: 103; Antybiotyk: 96; Paracetamol: 80,USG: 24; Konsultacja: 30; Gastroskopia: 30; CT: 30; Biopsja: 35; MR: 17; EKG: 35; RTG: 30; Kolonoskopia: 48; KREW: 23
17280,2,182,575.6,235.38,Aspiryna: 109; Ibuprofen: 114; Leki przeciwbólowe: 103; Antybiotyk: 96; Paracetamol: 80,USG: 24; Konsultacja: 30; Gastroskopia: 30; CT: 30; Biopsja: 35; MR: 17; EKG: 35; RTG: 30; Kolonoskopia: 48; KREW: 23
17280,2,182,575.6,235.38,Aspiryna: 109; Ibuprofen: 114; Leki przeciwbólowe: 103; Antybiotyk: 96; Paracetamol: 80,USG: 24; Konsultacja: 30; Gastroskopia: 30; CT: 30; Biopsja: 35; MR: 17; EKG: 35; RTG: 30; Kolonoskopia: 48; KREW: 23
17280,2,182,575.6,235.38,Aspiryna: 109; Ibuprofen: 114; Leki przeciwbólowe: 103; Antybiotyk: 96; Paracetamol: 80,USG: 24; Konsultacja: 30; Gastroskopia: 30; CT: 30; Biopsja: 35; MR: 17; EKG: 35; RTG: 30; Kolonoskopia: 48; KREW: 23
17280,2,182,575.6,235.38,Aspiryna: 109; Ibuprofen: 114; Leki przeciwbólowe: 103; Antybiotyk: 96; Paracetamol: 80,USG: 24; Konsultacja: 30; Gastroskopia: 30; CT: 30; Biopsja: 35; MR: 17; EKG: 35; RTG: 30; Kolonoskopia: 48; KREW: 23
17280,2,182,575.6,235.38,Aspiryna: 109; Ibuprofen: 114; Leki przeciwbólowe: 103; Antybiotyk: 96; Paracetamol: 80,USG: 24; Konsultacja: 30; Gastroskopia: 30; CT: 30; Biopsja: 35; MR: 17; EKG: 35; RTG: 30; Kolonoskopia: 48; KREW: 23
17280,2,182,575.6,235.38,Aspiryna: 109; Ibuprofen: 114; Leki przeciwbólowe: 103; Antybiotyk: 96; Paracetamol: 80,USG: 24; Konsultacja: 30; Gastroskopia: 30; CT: 30; Biopsja: 35; MR: 17; EKG: 35; RTG: 30; Kolonoskopia: 48; KREW: 23
17280,2,182,575.6,235.38,Aspiryna: 109; Ibuprofen: 114; Leki przeciwbólowe: 103; Antybiotyk: 96; Paracetamol: 80,USG: 24; Konsultacja: 30; Gastroskopia: 30; CT: 30; Biopsja: 35; MR: 17; EKG: 35; RTG: 30; Kolonoskopia: 48; KREW: 23
18720,3,196,557.76,226.22,Aspiryna: 124; Ibuprofen: 117; Leki przeciwbólowe: 108; Antybiotyk: 99; Paracetamol: 83,USG: 28; Konsultacja: 33; Gastroskopia: 32; CT: 31; Biopsja: 36; MR: 23; EKG: 38; RTG: 31; Kolonoskopia: 50; KREW: 27
18720,4,197,555.84,225.08,Aspiryna: 124; Ibuprofen: 117; Leki przeciwbólowe: 109; Antybiotyk: 99; Paracetamol: 84,USG: 28; Konsultacja: 34; Gastroskopia: 33; CT: 31; Biopsja: 36; MR: 23; EKG: 38; RTG: 31; Kolonoskopia: 50; KREW: 28
18720,4,198,553.94,228.48,Aspiryna: 124; Ibuprofen: 117; Leki przeciwbólowe: 110; Antybiotyk: 99; Paracetamol: 85,USG: 28; Konsultacja: 35; Gastroskopia: 34; CT: 31; Biopsja: 36; MR: 23; EKG: 38; RTG: 31; Kolonoskopia: 50; KREW: 29
18720,4,198,553.94,228.48,Aspiryna: 124; Ibuprofen: 117; Leki przeciwbólowe: 110; Antybiotyk: 99; Paracetamol: 85,USG: 28; Konsultacja: 35; Gastroskopia: 34; CT: 31; Biopsja: 36; MR: 23; EKG: 38; RTG: 31; Kolonoskopia: 50; KREW: 29
18720,4,198,553.94,228.48,Aspiryna: 124; Ibuprofen: 117; Leki przeciwbólowe: 110; Antybiotyk: 99; Paracetamol: 85,USG: 28; Konsultacja: 35; Gastroskopia: 34; CT: 31; Biopsja: 36; MR: 23; EKG: 38; RTG: 31; Kolonoskopia: 50; KREW: 29
18720,4,198,553.94,228.48,Aspiryna: 124; Ibuprofen: 117; Leki przeciwbólowe: 110; Antybiotyk: 99; Paracetamol: 85,USG: 28; Konsultacja: 35; Gastroskopia: 34; CT: 31; Biopsja: 36; MR: 23; EKG: 38; RTG: 31; Kolonoskopia: 50; KREW: 29
18720,4,198,553.94,228.48,Aspiryna: 124; Ibuprofen: 117; Leki przeciwbólowe: 110; Antybiotyk: 99; Paracetamol: 85,USG: 28; Konsultacja: 35; Gastroskopia: 34; CT: 31; Biopsja: 36; MR: 23; EKG: 38; RTG: 31; Kolonoskopia: 50; KREW: 29
18720,4,198,553.94,228.48,Aspiryna: 124; Ibuprofen: 117; Leki przeciwbólowe: 110; Antybiotyk: 99; Paracetamol: 85,USG: 28; Konsultacja: 35; Gastroskopia: 34; CT: 31; Biopsja: 36; MR: 23; EKG: 38; RTG: 31; Kolonoskopia: 50; KREW: 29
18720,4,198,553.94,228.48,Aspiryna: 124; Ibuprofen: 117; Leki przeciwbólowe: 110; Antybiotyk: 99; Paracetamol: 85,USG: 28; Konsultacja: 35; Gastroskopia: 34; CT: 31; Biopsja: 36; MR: 23; EKG: 38; RTG: 31; Kolonoskopia: 50; KREW: 29
18720,4,198,553.94,228.48,Aspiryna: 124; Ibuprofen: 117; Leki przeciwbólowe: 110; Antybiotyk: 99; Paracetamol: 85,USG: 28; Konsultacja: 35; Gastroskopia: 34; CT: 31; Biopsja: 36; MR: 23; EKG: 38; RTG: 31; Kolonoskopia: 50; KREW: 29
20160,6,207,560.58,222.9,Aspiryna: 126; Ibuprofen: 120; Leki przeciwbólowe: 112; Antybiotyk: 101; Paracetamol: 86,USG: 29; Konsultacja: 36; Gastroskopia: 38; CT: 33; Biopsja: 39; MR: 23; EKG: 40; RTG: 35; Kolonoskopia: 54; KREW: 30
20160,6,208,558.75,221.83,Aspiryna: 128; Ibuprofen: 122; Leki przeciwbólowe: 112; Antybiotyk: 102; Paracetamol: 86,USG: 29; Konsultacja: 37; Gastroskopia: 38; CT: 33; Biopsja: 39; MR: 23; EKG: 40; RTG: 35; Kolonoskopia: 54; KREW: 30
20160,6,208,558.75,221.83,Aspiryna: 128; Ibuprofen: 122; Leki przeciwbólowe: 112; Antybiotyk: 102; Paracetamol: 86,USG: 29; Konsultacja: 37; Gastroskopia: 38; CT: 33; Biopsja: 39; MR: 23; EKG: 40; RTG: 35; Kolonoskopia: 54; KREW: 30
20160,6,208,558.75,221.83,Aspiryna: 128; Ibuprofen: 122; Leki przeciwbólowe: 112; Antybiotyk: 102; Paracetamol: 86,USG: 29; Konsultacja: 37; Gastroskopia: 38; CT: 33; Biopsja: 39; MR: 23; EKG: 40; RTG: 35; Kolonoskopia: 54; KREW: 30
20160,6,208,558.75,221.83,Aspiryna: 128; Ibuprofen: 122; Leki przeciwbólowe: 112; Antybiotyk: 102; Paracetamol: 86,USG: 29; Konsultacja: 37; Gastroskopia: 38; CT: 33; Biopsja: 39; MR: 23; EKG: 40; RTG: 35; Kolonoskopia: 54; KREW: 30
20160,6,208,558.75,221.83,Aspiryna: 128; Ibuprofen: 122; Leki przeciwbólowe: 112; Antybiotyk: 102; Paracetamol: 86,USG: 29; Konsultacja: 37; Gastroskopia: 38; CT: 33; Biopsja: 39; MR: 23; EKG: 40; RTG: 35; Kolonoskopia: 54; KREW: 30
20160,6,208,558.75,221.83,Aspiryna: 128; Ibuprofen: 122; Leki przeciwbólowe: 112; Antybiotyk: 102; Paracetamol: 86,USG: 29; Konsultacja: 37; Gastroskopia: 38; CT: 33; Biopsja: 39; MR: 23; EKG: 40; RTG: 35; Kolonoskopia: 54; KREW: 30
20160,6,208,558.75,221.83,Aspiryna: 128; Ibuprofen: 122; Leki przeciwbólowe: 112; Antybiotyk: 102; Paracetamol: 86,USG: 29; Konsultacja: 37; Gastroskopia: 38; CT: 33; Biopsja: 39; MR: 23; EKG: 40; RTG: 35; Kolonoskopia: 54; KREW: 30
20160,6,208,558.75,221.83,Aspiryna: 128; Ibuprofen: 122; Leki przeciwbólowe: 112; Antybiotyk: 102; Paracetamol: 86,USG: 29; Konsultacja: 37; Gastroskopia: 38; CT: 33; Biopsja: 39; MR: 23; EKG: 40; RTG: 35; Kolonoskopia: 54; KREW: 30
20160,6,208,558.75,221.83,Aspiryna: 128; Ibuprofen: 122; Leki przeciwbólowe: 112; Antybiotyk: 102; Paracetamol: 86,USG: 29; Konsultacja: 37; Gastroskopia: 38; CT: 33; Biopsja: 39; MR: 23; EKG: 40; RTG: 35; Kolonoskopia: 54; KREW: 30
21600,7,222,553.78,272.97,Aspiryna: 144; Ibuprofen: 133; Leki przeciwbólowe: 121; Antybiotyk: 108; Paracetamol: 86,USG: 29; Konsultacja: 40; Gastroskopia: 42; CT: 33; Biopsja: 40; MR: 25; EKG: 50; RTG: 40; Kolonoskopia: 55; KREW: 34
21600,7,222,553.78,272.97,Aspiryna: 144; Ibuprofen: 133; Leki przeciwbólowe: 121; Antybiotyk: 108; Paracetamol: 86,USG: 29; Konsultacja: 40; Gastroskopia: 42; CT: 33; Biopsja: 40; MR: 25; EKG: 50; RTG: 40; Kolonoskopia: 55; KREW: 34
21600,7,222,553.78,272.97,Aspiryna: 144; Ibuprofen: 133; Leki przeciwbólowe: 121; Antybiotyk: 108; Paracetamol: 86,USG: 29; Konsultacja: 40; Gastroskopia: 42; CT: 33; Biopsja: 40; MR: 25; EKG: 50; RTG: 40; Kolonoskopia: 55; KREW: 34
21600,7,222,553.78,272.97,Aspiryna: 144; Ibuprofen: 133; Leki przeciwbólowe: 121; Antybiotyk: 108; Paracetamol: 86,USG: 29; Konsultacja: 40; Gastroskopia: 42; CT: 33; Biopsja: 40; MR: 25; EKG: 50; RTG: 40; Kolonoskopia: 55; KREW: 34
21600,7,222,553.78,272.97,Aspiryna: 144; Ibuprofen: 133; Leki przeciwbólowe: 121; Antybiotyk: 108; Paracetamol: 86,USG: 29; Konsultacja: 40; Gastroskopia: 42; CT: 33; Biopsja: 40; MR: 25; EKG: 50; RTG: 40; Kolonoskopia: 55; KREW: 34
21600,7,222,553.78,272.97,Aspiryna: 144; Ibuprofen: 133; Leki przeciwbólowe: 121; Antybiotyk: 108; Paracetamol: 86,USG: 29; Konsultacja: 40; Gastroskopia: 42; CT: 33; Biopsja: 40; MR: 25; EKG: 50; RTG: 40; Kolonoskopia: 55; KREW: 34
21600,7,222,553.78,272.97,Aspiryna: 144; Ibuprofen: 133; Leki przeciwbólowe: 121; Antybiotyk: 108; Paracetamol: 86,USG: 29; Konsultacja: 40; Gastroskopia: 42; CT: 33; Biopsja: 40; MR: 25; EKG: 50; RTG: 40; Kolonoskopia: 55; KREW: 34
21600,7,222,553.78,272.97,Aspiryna: 144; Ibuprofen: 133; Leki przeciwbólowe: 121; Antybiotyk: 108; Paracetamol: 86,USG: 29; Konsultacja: 40; Gastroskopia: 42; CT: 33; Biopsja: 40; MR: 25; EKG: 50; RTG: 40; Kolonoskopia: 55; KREW: 34
21600,7,222,553.78,272.97,Aspiryna: 144; Ibuprofen: 133; Leki przeciwbólowe: 121; Antybiotyk: 108; Paracetamol: 86,USG: 29; Konsultacja: 40; Gastroskopia: 42; CT: 33; Biopsja: 40; MR: 25; EKG: 50; RTG: 40; Kolonoskopia: 55; KREW: 34
21600,7,222,553.78,272.97,Aspiryna: 144; Ibuprofen: 133; Leki przeciwbólowe: 121; Antybiotyk: 108; Paracetamol: 86,USG: 29; Konsultacja: 40; Gastroskopia: 42; CT: 33; Biopsja: 40; MR: 25; EKG: 50; RTG: 40; Kolonoskopia: 55; KREW: 34
23040,11,239,558.83,283.18,Aspiryna: 164; Ibuprofen: 138; Leki przeciwbólowe: 135; Antybiotyk: 121; Paracetamol: 95,USG: 32; Konsultacja: 43; Gastroskopia: 45; CT: 36; Biopsja: 45; MR: 28; EKG: 53; RTG: 43; Kolonoskopia: 55; KREW: 38
23040,11,239,558.83,283.18,Aspiryna: 164; Ibuprofen: 138; Leki przeciwbólowe: 135; Antybiotyk: 121; Paracetamol: 95,USG: 32; Konsultacja: 43; Gastroskopia: 45; CT: 36; Biopsja: 45; MR: 28; EKG: 53; RTG: 43; Kolonoskopia: 55; KREW: 38
23040,11,239,558.83,283.18,Aspiryna: 164; Ibuprofen: 138; Leki przeciwbólowe: 135; Antybiotyk: 121; Paracetamol: 95,USG: 32; Konsultacja: 43; Gastroskopia: 45; CT: 36; Biopsja: 45; MR: 28; EKG: 53; RTG: 43; Kolonoskopia: 55; KREW: 38
23040,11,239,558.83,283.18,Aspiryna: 164; Ibuprofen: 138; Leki przeciwbólowe: 135; Antybiotyk: 121; Paracetamol: 95,USG: 32; Konsultacja: 43; Gastroskopia: 45; CT: 36; Biopsja: 45; MR: 28; EKG: 53; RTG: 43; Kolonoskopia: 55; KREW: 38
23040,11,239,558.83,283.18,Aspiryna: 164; Ibuprofen: 138; Leki przeciwbólowe: 135; Antybiotyk: 121; Paracetamol: 95,USG: 32; Konsultacja: 43; Gastroskopia: 45; CT: 36; Biopsja: 45; MR: 28; EKG: 53; RTG: 43; Kolonoskopia: 55; KREW: 38
23040,11,239,558.83,283.18,Aspiryna: 164; Ibuprofen: 138; Leki przeciwbólowe: 135; Antybiotyk: 121; Paracetamol: 95,USG: 32; Konsultacja: 43; Gastroskopia: 45; CT: 36; Biopsja: 45; MR: 28; EKG: 53; RTG: 43; Kolonoskopia: 55; KREW: 38
23040,11,239,558.83,283.18,Aspiryna: 164; Ibuprofen: 138; Leki przeciwbólowe: 135; Antybiotyk: 121; Paracetamol: 95,USG: 32; Konsultacja: 43; Gastroskopia: 45; CT: 36; Biopsja: 45; MR: 28; EKG: 53; RTG: 43; Kolonoskopia: 55; KREW: 38
23040,11,239,558.83,283.18,Aspiryna: 164; Ibuprofen: 138; Leki przeciwbólowe: 135; Antybiotyk: 121; Paracetamol: 95,USG: 32; Konsultacja: 43; Gastroskopia: 45; CT: 36; Biopsja: 45; MR: 28; EKG: 53; RTG: 43; Kolonoskopia: 55; KREW: 38
23040,11,239,558.83,283.18,Aspiryna: 164; Ibuprofen: 138; Leki przeciwbólowe: 135; Antybiotyk: 121; Paracetamol: 95,USG: 32; Konsultacja: 43; Gastroskopia: 45; CT: 36; Biopsja: 45; MR: 28; EKG: 53; RTG: 43; Kolonoskopia: 55; KREW: 38
23040,11,239,558.83,283.18,Aspiryna: 164; Ibuprofen: 138; Leki przeciwbólowe: 135; Antybiotyk: 121; Paracetamol: 95,USG: 32; Konsultacja: 43; Gastroskopia: 45; CT: 36; Biopsja: 45; MR: 28; EKG: 53; RTG: 43; Kolonoskopia: 55; KREW: 38
24480,17,253,567.04,271.3,Aspiryna: 175; Ibuprofen: 146; Leki przeciwbólowe: 138; Antybiotyk: 127; Paracetamol: 102,USG: 34; Konsultacja: 46; Gastroskopia: 47; CT: 38; Biopsja: 47; MR: 28; EKG: 54; RTG: 49; Kolonoskopia: 57; KREW: 41
24480,17,253,567.04,271.3,Aspiryna: 175; Ibuprofen: 146; Leki przeciwbólowe: 138; Antybiotyk: 127; Paracetamol: 102,USG: 34; Konsultacja: 46; Gastroskopia: 47; CT: 38; Biopsja: 47; MR: 28; EKG: 54; RTG: 49; Kolonoskopia: 57; KREW: 41
24480,17,253,567.04,271.3,Aspiryna: 175; Ibuprofen: 146; Leki przeciwbólowe: 138; Antybiotyk: 127; Paracetamol: 102,USG: 34; Konsultacja: 46; Gastroskopia: 47; CT: 38; Biopsja: 47; MR: 28; EKG: 54; RTG: 49; Kolonoskopia: 57; KREW: 41
24480,17,253,567.04,271.3,Aspiryna: 175; Ibuprofen: 146; Leki przeciwbólowe: 138; Antybiotyk: 127; Paracetamol: 102,USG: 34; Konsultacja: 46; Gastroskopia: 47; CT: 38; Biopsja: 47; MR: 28; EKG: 54; RTG: 49; Kolonoskopia: 57; KREW: 41
24480,17,253,567.04,271.3,Aspiryna: 175; Ibuprofen: 146; Leki przeciwbólowe: 138; Antybiotyk: 127; Paracetamol: 102,USG: 34; Konsultacja: 46; Gastroskopia: 47; CT: 38; Biopsja: 47; MR: 28; EKG: 54; RTG: 49; Kolonoskopia: 57; KREW: 41
24480,17,253,567.04,271.3,Aspiryna: 175; Ibuprofen: 146; Leki przeciwbólowe: 138; Antybiotyk: 127; Paracetamol: 102,USG: 34; Konsultacja: 46; Gastroskopia: 47; CT: 38; Biopsja: 47; MR: 28; EKG: 54; RTG: 49; Kolonoskopia: 57; KREW: 41
24480,17,253,567.04,271.3,Aspiryna: 175; Ibuprofen: 146; Leki przeciwbólowe: 138; Antybiotyk: 127; Paracetamol: 102,USG: 34; Konsultacja: 46; Gastroskopia: 47; CT: 38; Biopsja: 47; MR: 28; EKG: 54; RTG: 49; Kolonoskopia: 57; KREW: 41
24480,17,253,567.04,271.3,Aspiryna: 175; Ibuprofen: 146; Leki przeciwbólowe: 138; Antybiotyk: 127; Paracetamol: 102,USG: 34; Konsultacja: 46; Gastroskopia: 47; CT: 38; Biopsja: 47; MR: 28; EKG: 54; RTG: 49; Kolonoskopia: 57; KREW: 41
24480,17,253,567.04,271.3,Aspiryna: 175; Ibuprofen: 146; Leki przeciwbólowe: 138; Antybiotyk: 127; Paracetamol: 102,USG: 34; Konsultacja: 46; Gastroskopia: 47; CT: 38; Biopsja: 47; MR: 28; EKG: 54; RTG: 49; Kolonoskopia: 57; KREW: 41
24480,17,253,567.04,271.3,Aspiryna: 175; Ibuprofen: 146; Leki przeciwbólowe: 138; Antybiotyk: 127; Paracetamol: 102,USG: 34; Konsultacja: 46; Gastroskopia: 47; CT: 38; Biopsja: 47; MR: 28; EKG: 54; RTG: 49; Kolonoskopia: 57; KREW: 41
25920,21,274,551.61,268.47,Aspiryna: 187; Ibuprofen: 152; Leki przeciwbólowe: 154; Antybiotyk: 139; Paracetamol: 117,USG: 40; Konsultacja: 48; Gastroskopia: 50; CT: 41; Biopsja: 49; MR: 31; EKG: 59; RTG: 51; Kolonoskopia: 60; KREW: 45
25920,21,275,550.04,267.49,Aspiryna: 187; Ibuprofen: 154; Leki przeciwbólowe: 154; Antybiotyk: 141; Paracetamol: 118,USG: 40; Konsultacja: 48; Gastroskopia: 50; CT: 41; Biopsja: 49; MR: 31; EKG: 59; RTG: 51; Kolonoskopia: 60; KREW: 45
25920,21,275,550.04,267.49,Aspiryna: 187; Ibuprofen: 154; Leki przeciwbólowe: 154; Antybiotyk: 141; Paracetamol: 118,USG: 40; Konsultacja: 48; Gastroskopia: 50; CT: 41; Biopsja: 49; MR: 31; EKG: 59; RTG: 51; Kolonoskopia: 60; KREW: 45
25920,21,275,550.04,267.49,Aspiryna: 187; Ibuprofen: 154; Leki przeciwbólowe: 154; Antybiotyk: 141; Paracetamol: 118,USG: 40; Konsultacja: 48; Gastroskopia: 50; CT: 41; Biopsja: 49; MR: 31; EKG: 59; RTG: 51; Kolonoskopia: 60; KREW: 45
25920,21,275,550.04,267.49,Aspiryna: 187; Ibuprofen: 154; Leki przeciwbólowe: 154; Antybiotyk: 141; Paracetamol: 118,USG: 40; Konsultacja: 48; Gastroskopia: 50; CT: 41; Biopsja: 49; MR: 31; EKG: 59; RTG: 51; Kolonoskopia: 60; KREW: 45
25920,21,276,552.39,266.52,Aspiryna: 187; Ibuprofen: 154; Leki przeciwbólowe: 154; Antybiotyk: 141; Paracetamol: 119,USG: 41; Konsultacja: 48; Gastroskopia: 50; CT: 41; Biopsja: 50; MR: 32; EKG: 59; RTG: 51; Kolonoskopia: 60; KREW: 45
25920,21,276,552.39,266.52,Aspiryna: 187; Ibuprofen: 154; Leki przeciwbólowe: 154; Antybiotyk: 141; Paracetamol: 119,USG: 41; Konsultacja: 48; Gastroskopia: 50; CT: 41; Biopsja: 50; MR: 32; EKG: 59; RTG: 51; Kolonoskopia: 60; KREW: 45
25920,21,276,552.39,266.52,Aspiryna: 187; Ibuprofen: 154; Leki przeciwbólowe: 154; Antybiotyk: 141; Paracetamol: 119,USG: 41; Konsultacja: 48; Gastroskopia: 50; CT: 41; Biopsja: 50; MR: 32; EKG: 59; RTG: 51; Kolonoskopia: 60; KREW: 45
25920,21,276,552.39,266.52,Aspiryna: 187; Ibuprofen: 154; Leki przeciwbólowe: 154; Antybiotyk: 141; Paracetamol: 119,USG: 41; Konsultacja: 48; Gastroskopia: 50; CT: 41; Biopsja: 50; MR: 32; EKG: 59; RTG: 51; Kolonoskopia: 60; KREW: 45
25920,21,277,553.43,265.56,Aspiryna: 187; Ibuprofen: 154; Leki przeciwbólowe: 154; Antybiotyk: 141; Paracetamol: 119,USG: 41; Konsultacja: 48; Gastroskopia: 50; CT: 41; Biopsja: 51; MR: 32; EKG: 59; RTG: 52; Kolonoskopia: 61; KREW: 45
27360,23,292,551.1,281.92,Aspiryna: 190; Ibuprofen: 158; Leki przeciwbólowe: 161; Antybiotyk: 151; Paracetamol: 131,USG: 45; Konsultacja: 53; Gastroskopia: 53; CT: 45; Biopsja: 53; MR: 35; EKG: 61; RTG: 56; Kolonoskopia: 62; KREW: 46
27360,23,292,551.1,281.92,Aspiryna: 190; Ibuprofen: 158; Leki przeciwbólowe: 161; Antybiotyk: 151; Paracetamol: 131,USG: 45; Konsultacja: 53; Gastroskopia: 53; CT: 45; Biopsja: 53; MR: 35; EKG: 61; RTG: 56; Kolonoskopia: 62; KREW: 46
27360,23,292,551.1,281.92,Aspiryna: 190; Ibuprofen: 158; Leki przeciwbólowe: 161; Antybiotyk: 151; Paracetamol: 131,USG: 45; Konsultacja: 53; Gastroskopia: 53; CT: 45; Biopsja: 53; MR: 35; EKG: 61; RTG: 56; Kolonoskopia: 62; KREW: 46
27360,23,292,551.1,281.92,Aspiryna: 190; Ibuprofen: 158; Leki przeciwbólowe: 161; Antybiotyk: 151; Paracetamol: 131,USG: 45; Konsultacja: 53; Gastroskopia: 53; CT: 45; Biopsja: 53; MR: 35; EKG: 61; RTG: 56; Kolonoskopia: 62; KREW: 46
27360,23,292,551.1,281.92,Aspiryna: 190; Ibuprofen: 158; Leki przeciwbólowe: 161; Antybiotyk: 151; Paracetamol: 131,USG: 45; Konsultacja: 53; Gastroskopia: 53; CT: 45; Biopsja: 53; MR: 35; EKG: 61; RTG: 56; Kolonoskopia: 62; KREW: 46
27360,23,292,551.1,281.92,Aspiryna: 190; Ibuprofen: 158; Leki przeciwbólowe: 161; Antybiotyk: 151; Paracetamol: 131,USG: 45; Konsultacja: 53; Gastroskopia: 53; CT: 45; Biopsja: 53; MR: 35; EKG: 61; RTG: 56; Kolonoskopia: 62; KREW: 46
27360,23,293,550.03,280.96,Aspiryna: 190; Ibuprofen: 160; Leki przeciwbólowe: 161; Antybiotyk: 151; Paracetamol: 131,USG: 45; Konsultacja: 53; Gastroskopia: 56; CT: 45; Biopsja: 53; MR: 36; EKG: 61; RTG: 56; Kolonoskopia: 62; KREW: 46
27360,23,294,553.88,280.0,Aspiryna: 190; Ibuprofen: 160; Leki przeciwbólowe: 161; Antybiotyk: 151; Paracetamol: 131,USG: 45; Konsultacja: 54; Gastroskopia: 56; CT: 46; Biopsja: 53; MR: 36; EKG: 62; RTG: 57; Kolonoskopia: 62; KREW: 46
27360,23,294,553.88,280.0,Aspiryna: 190; Ibuprofen: 160; Leki przeciwbólowe: 161; Antybiotyk: 151; Paracetamol: 131,USG: 45; Konsultacja: 54; Gastroskopia: 56; CT: 46; Biopsja: 53; MR: 36; EKG: 62; RTG: 57; Kolonoskopia: 62; KREW: 46
27360,23,294,553.88,280.0,Aspiryna: 190; Ibuprofen: 160; Leki przeciwbólowe: 161; Antybiotyk: 151; Paracetamol: 131,USG: 45; Konsultacja: 54; Gastroskopia: 56; CT: 46; Biopsja: 53; MR: 36; EKG: 62; RTG: 57; Kolonoskopia: 62; KREW: 46
28800,25,313,558.79,312.46,Aspiryna: 202; Ibuprofen: 164; Leki przeciwbólowe: 171; Antybiotyk: 169; Paracetamol: 140,USG: 48; Konsultacja: 58; Gastroskopia: 57; CT: 50; Biopsja: 57; MR: 41; EKG: 63; RTG: 59; Kolonoskopia: 65; KREW: 47
28800,25,314,557.39,311.46,Aspiryna: 203; Ibuprofen: 164; Leki przeciwbólowe: 171; Antybiotyk: 171; Paracetamol: 141,USG: 48; Konsultacja: 58; Gastroskopia: 57; CT: 50; Biopsja: 57; MR: 41; EKG: 63; RTG: 59; Kolonoskopia: 65; KREW: 48
28800,25,314,557.39,311.46,Aspiryna: 203; Ibuprofen: 164; Leki przeciwbólowe: 171; Antybiotyk: 171; Paracetamol: 141,USG: 48; Konsultacja: 58; Gastroskopia: 57; CT: 50; Biopsja: 57; MR: 41; EKG: 63; RTG: 59; Kolonoskopia: 65; KREW: 48
28800,25,314,557.39,311.46,Aspiryna: 203; Ibuprofen: 164; Leki przeciwbólowe: 171; Antybiotyk: 171; Paracetamol: 141,USG: 48; Konsultacja: 58; Gastroskopia: 57; CT: 50; Biopsja: 57; MR: 41; EKG: 63; RTG: 59; Kolonoskopia: 65; KREW: 48
28800,25,314,557.39,311.46,Aspiryna: 203; Ibuprofen: 164; Leki przeciwbólowe: 171; Antybiotyk: 171; Paracetamol: 141,USG: 48; Konsultacja: 58; Gastroskopia: 57; CT: 50; Biopsja: 57; MR: 41; EKG: 63; RTG: 59; Kolonoskopia: 65; KREW: 48
28800,25,314,557.39,311.46,Aspiryna: 203; Ibuprofen: 164; Leki przeciwbólowe: 171; Antybiotyk: 171; Paracetamol: 141,USG: 48; Konsultacja: 58; Gastroskopia: 57; CT: 50; Biopsja: 57; MR: 41; EKG: 63; RTG: 59; Kolonoskopia: 65; KREW: 48
28800,25,314,557.39,311.46,Aspiryna: 203; Ibuprofen: 164; Leki przeciwbólowe: 171; Antybiotyk: 171; Paracetamol: 141,USG: 48; Konsultacja: 58; Gastroskopia: 57; CT: 50; Biopsja: 57; MR: 41; EKG: 63; RTG: 59; Kolonoskopia: 65; KREW: 48
28800,25,314,557.39,311.46,Aspiryna: 203; Ibuprofen: 164; Leki przeciwbólowe: 171; Antybiotyk: 171; Paracetamol: 141,USG: 48; Konsultacja: 58; Gastroskopia: 57; CT: 50; Biopsja: 57; MR: 41; EKG: 63; RTG: 59; Kolonoskopia: 65; KREW: 48
28800,25,314,557.39,311.46,Aspiryna: 203; Ibuprofen: 164; Leki przeciwbólowe: 171; Antybiotyk: 171; Paracetamol: 141,USG: 48; Konsultacja: 58; Gastroskopia: 57; CT: 50; Biopsja: 57; MR: 41; EKG: 63; RTG: 59; Kolonoskopia: 65; KREW: 48
28800,25,314,557.39,311.46,Aspiryna: 203; Ibuprofen: 164; Leki przeciwbólowe: 171; Antybiotyk: 171; Paracetamol: 141,USG: 48; Konsultacja: 58; Gastroskopia: 57; CT: 50; Biopsja: 57; MR: 41; EKG: 63; RTG: 59; Kolonoskopia: 65; KREW: 48
30240,32,339,548.67,344.07,Aspiryna: 219; Ibuprofen: 179; Leki przeciwbólowe: 180; Antybiotyk: 183; Paracetamol: 158,USG: 49; Konsultacja: 60; Gastroskopia: 58; CT: 59; Biopsja: 62; MR: 46; EKG: 69; RTG: 63; Kolonoskopia: 74; KREW: 53
30240,32,340,547.59,343.06,Aspiryna: 219; Ibuprofen: 179; Leki przeciwbólowe: 184; Antybiotyk: 183; Paracetamol: 158,USG: 49; Konsultacja: 61; Gastroskopia: 58; CT: 59; Biopsja: 62; MR: 46; EKG: 69; RTG: 63; Kolonoskopia: 74; KREW: 53
30240,32,341,545.98,342.05,Aspiryna: 219; Ibuprofen: 179; Leki przeciwbólowe: 184; Antybiotyk: 183; Paracetamol: 158,USG: 49; Konsultacja: 61; Gastroskopia: 58; CT: 60; Biopsja: 62; MR: 47; EKG: 69; RTG: 63; Kolonoskopia: 74; KREW: 53
30240,32,342,544.39,343.16,Aspiryna: 219; Ibuprofen: 179; Leki przeciwbólowe: 184; Antybiotyk: 183; Paracetamol: 158,USG: 50; Konsultacja: 61; Gastroskopia: 58; CT: 61; Biopsja: 62; MR: 48; EKG: 69; RTG: 63; Kolonoskopia: 74; KREW: 53
30240,32,342,544.39,343.16,Aspiryna: 219; Ibuprofen: 179; Leki przeciwbólowe: 184; Antybiotyk: 183; Paracetamol: 158,USG: 50; Konsultacja: 61; Gastroskopia: 58; CT: 61; Biopsja: 62; MR: 48; EKG: 69; RTG: 63; Kolonoskopia: 74; KREW: 53
30240,32,342,544.39,343.16,Aspiryna: 219; Ibuprofen: 179; Leki przeciwbólowe: 184; Antybiotyk: 183; Paracetamol: 158,USG: 50; Konsultacja: 61; Gastroskopia: 58; CT: 61; Biopsja: 62; MR: 48; EKG: 69; RTG: 63; Kolonoskopia: 74; KREW: 53
30240,32,342,544.39,343.16,Aspiryna: 219; Ibuprofen: 179; Leki przeciwbólowe: 184; Antybiotyk: 183; Paracetamol: 158,USG: 50; Konsultacja: 61; Gastroskopia: 58; CT: 61; Biopsja: 62; MR: 48; EKG: 69; RTG: 63; Kolonoskopia: 74; KREW: 53
30240,32,342,544.39,343.16,Aspiryna: 219; Ibuprofen: 179; Leki przeciwbólowe: 184; Antybiotyk: 183; Paracetamol: 158,USG: 50; Konsultacja: 61; Gastroskopia: 58; CT: 61; Biopsja: 62; MR: 48; EKG: 69; RTG: 63; Kolonoskopia: 74; KREW: 53
30240,32,343,542.8,345.31,Aspiryna: 219; Ibuprofen: 179; Leki przeciwbólowe: 184; Antybiotyk: 183; Paracetamol: 158,USG: 51; Konsultacja: 62; Gastroskopia: 59; CT: 61; Biopsja: 63; MR: 48; EKG: 70; RTG: 63; Kolonoskopia: 75; KREW: 53
30240,32,343,542.8,345.31,Aspiryna: 219; Ibuprofen: 179; Leki przeciwbólowe: 184; Antybiotyk: 183; Paracetamol: 158,USG: 51; Konsultacja: 62; Gastroskopia: 59; CT: 61; Biopsja: 63; MR: 48; EKG: 70; RTG: 63; Kolonoskopia: 75; KREW: 53
31680,32,360,538.0,331.0,Aspiryna: 224; Ibuprofen: 187; Leki przeciwbólowe: 203; Antybiotyk: 186; Paracetamol: 176,USG: 53; Konsultacja: 64; Gastroskopia: 59; CT: 65; Biopsja: 65; MR: 50; EKG: 72; RTG: 67; Kolonoskopia: 78; KREW: 55
31680,32,361,537.01,330.08,Aspiryna: 224; Ibuprofen: 189; Leki przeciwbólowe: 203; Antybiotyk: 186; Paracetamol: 177,USG: 53; Konsultacja: 64; Gastroskopia: 59; CT: 65; Biopsja: 65; MR: 50; EKG: 72; RTG: 67; Kolonoskopia: 78; KREW: 55
31680,32,361,537.01,330.08,Aspiryna: 224; Ibuprofen: 189; Leki przeciwbólowe: 203; Antybiotyk: 186; Paracetamol: 177,USG: 53; Konsultacja: 64; Gastroskopia: 59; CT: 65; Biopsja: 65; MR: 50; EKG: 72; RTG: 67; Kolonoskopia: 78; KREW: 55
31680,32,361,537.01,330.08,Aspiryna: 224; Ibuprofen: 189; Leki przeciwbólowe: 203; Antybiotyk: 186; Paracetamol: 177,USG: 53; Konsultacja: 64; Gastroskopia: 59; CT: 65; Biopsja: 65; MR: 50; EKG: 72; RTG: 67; Kolonoskopia: 78; KREW: 55
31680,32,361,537.01,330.08,Aspiryna: 224; Ibuprofen: 189; Leki przeciwbólowe: 203; Antybiotyk: 186; Paracetamol: 177,USG: 53; Konsultacja: 64; Gastroskopia: 59; CT: 65; Biopsja: 65; MR: 50; EKG: 72; RTG: 67; Kolonoskopia: 78; KREW: 55
31680,32,361,537.01,330.08,Aspiryna: 224; Ibuprofen: 189; Leki przeciwbólowe: 203; Antybiotyk: 186; Paracetamol: 177,USG: 53; Konsultacja: 64; Gastroskopia: 59; CT: 65; Biopsja: 65; MR: 50; EKG: 72; RTG: 67; Kolonoskopia: 78; KREW: 55
31680,32,361,537.01,330.08,Aspiryna: 224; Ibuprofen: 189; Leki przeciwbólowe: 203; Antybiotyk: 186; Paracetamol: 177,USG: 53; Konsultacja: 64; Gastroskopia: 59; CT: 65; Biopsja: 65; MR: 50; EKG: 72; RTG: 67; Kolonoskopia: 78; KREW: 55
31680,32,361,537.01,330.08,Aspiryna: 224; Ibuprofen: 189; Leki przeciwbólowe: 203; Antybiotyk: 186; Paracetamol: 177,USG: 53; Konsultacja: 64; Gastroskopia: 59; CT: 65; Biopsja: 65; MR: 50; EKG: 72; RTG: 67; Kolonoskopia: 78; KREW: 55
31680,32,361,537.01,330.08,Aspiryna: 224; Ibuprofen: 189; Leki przeciwbólowe: 203; Antybiotyk: 186; Paracetamol: 177,USG: 53; Konsultacja: 64; Gastroskopia: 59; CT: 65; Biopsja: 65; MR: 50; EKG: 72; RTG: 67; Kolonoskopia: 78; KREW: 55
31680,32,361,537.01,330.08,Aspiryna: 224; Ibuprofen: 189; Leki przeciwbólowe: 203; Antybiotyk: 186; Paracetamol: 177,USG: 53; Konsultacja: 64; Gastroskopia: 59; CT: 65; Biopsja: 65; MR: 50; EKG: 72; RTG: 67; Kolonoskopia: 78; KREW: 55
33120,34,378,528.89,317.3,Aspiryna: 232; Ibuprofen: 197; Leki przeciwbólowe: 207; Antybiotyk: 196; Paracetamol: 187,USG: 54; Konsultacja: 66; Gastroskopia: 64; CT: 65; Biopsja: 70; MR: 53; EKG: 73; RTG: 69; Kolonoskopia: 79; KREW: 59
33120,34,378,528.89,317.3,Aspiryna: 232; Ibuprofen: 197; Leki przeciwbólowe: 207; Antybiotyk: 196; Paracetamol: 187,USG: 54; Konsultacja: 66; Gastroskopia: 64; CT: 65; Biopsja: 70; MR: 53; EKG: 73; RTG: 69; Kolonoskopia: 79; KREW: 59
33120,34,378,528.89,317.3,Aspiryna: 232; Ibuprofen: 197; Leki przeciwbólowe: 207; Antybiotyk: 196; Paracetamol: 187,USG: 54; Konsultacja: 66; Gastroskopia: 64; CT: 65; Biopsja: 70; MR: 53; EKG: 73; RTG: 69; Kolonoskopia: 79; KREW: 59
33120,34,378,528.89,317.3,Aspiryna: 232; Ibuprofen: 197; Leki przeciwbólowe: 207; Antybiotyk: 196; Paracetamol: 187,USG: 54; Konsultacja: 66; Gastroskopia: 64; CT: 65; Biopsja: 70; MR: 53; EKG: 73; RTG: 69; Kolonoskopia: 79; KREW: 59
33120,34,378,528.89,317.3,Aspiryna: 232; Ibuprofen: 197; Leki przeciwbólowe: 207; Antybiotyk: 196; Paracetamol: 187,USG: 54; Konsultacja: 66; Gastroskopia: 64; CT: 65; Biopsja: 70; MR: 53; EKG: 73; RTG: 69; Kolonoskopia: 79; KREW: 59
33120,34,378,528.89,317.3,Aspiryna: 232; Ibuprofen: 197; Leki przeciwbólowe: 207; Antybiotyk: 196; Paracetamol: 187,USG: 54; Konsultacja: 66; Gastroskopia: 64; CT: 65; Biopsja: 70; MR: 53; EKG: 73; RTG: 69; Kolonoskopia: 79; KREW: 59
33120,34,378,528.89,317.3,Aspiryna: 232; Ibuprofen: 197; Leki przeciwbólowe: 207; Antybiotyk: 196; Paracetamol: 187,USG: 54; Konsultacja: 66; Gastroskopia: 64; CT: 65; Biopsja: 70; MR: 53; EKG: 73; RTG: 69; Kolonoskopia: 79; KREW: 59
33120,34,378,528.89,317.3,Aspiryna: 232; Ibuprofen: 197; Leki przeciwbólowe: 207; Antybiotyk: 196; Paracetamol: 187,USG: 54; Konsultacja: 66; Gastroskopia: 64; CT: 65; Biopsja: 70; MR: 53; EKG: 73; RTG: 69; Kolonoskopia: 79; KREW: 59
33120,34,378,528.89,317.3,Aspiryna: 232; Ibuprofen: 197; Leki przeciwbólowe: 207; Antybiotyk: 196; Paracetamol: 187,USG: 54; Konsultacja: 66; Gastroskopia: 64; CT: 65; Biopsja: 70; MR: 53; EKG: 73; RTG: 69; Kolonoskopia: 79; KREW: 59
33120,34,378,528.89,317.3,Aspiryna: 232; Ibuprofen: 197; Leki przeciwbólowe: 207; Antybiotyk: 196; Paracetamol: 187,USG: 54; Konsultacja: 66; Gastroskopia: 64; CT: 65; Biopsja: 70; MR: 53; EKG: 73; RTG: 69; Kolonoskopia: 79; KREW: 59
34560,40,398,517.39,323.37,Aspiryna: 250; Ibuprofen: 207; Leki przeciwbólowe: 219; Antybiotyk: 203; Paracetamol: 192,USG: 58; Konsultacja: 73; Gastroskopia: 68; CT: 72; Biopsja: 72; MR: 57; EKG: 75; RTG: 77; Kolonoskopia: 81; KREW: 64
34560,40,398,517.39,323.37,Aspiryna: 250; Ibuprofen: 207; Leki przeciwbólowe: 219; Antybiotyk: 203; Paracetamol: 192,USG: 58; Konsultacja: 73; Gastroskopia: 68; CT: 72; Biopsja: 72; MR: 57; EKG: 75; RTG: 77; Kolonoskopia: 81; KREW: 64
34560,40,398,517.39,323.37,Aspiryna: 250; Ibuprofen: 207; Leki przeciwbólowe: 219; Antybiotyk: 203; Paracetamol: 192,USG: 58; Konsultacja: 73; Gastroskopia: 68; CT: 72; Biopsja: 72; MR: 57; EKG: 75; RTG: 77; Kolonoskopia: 81; KREW: 64
34560,40,398,517.39,323.37,Aspiryna: 250; Ibuprofen: 207; Leki przeciwbólowe: 219; Antybiotyk: 203; Paracetamol: 192,USG: 58; Konsultacja: 73; Gastroskopia: 68; CT: 72; Biopsja: 72; MR: 57; EKG: 75; RTG: 77; Kolonoskopia: 81; KREW: 64
34560,40,398,517.39,323.37,Aspiryna: 250; Ibuprofen: 207; Leki przeciwbólowe: 219; Antybiotyk: 203; Paracetamol: 192,USG: 58; Konsultacja: 73; Gastroskopia: 68; CT: 72; Biopsja: 72; MR: 57; EKG: 75; RTG: 77; Kolonoskopia: 81; KREW: 64
34560,40,398,517.39,323.37,Aspiryna: 250; Ibuprofen: 207; Leki przeciwbólowe: 219; Antybiotyk: 203; Paracetamol: 192,USG: 58; Konsultacja: 73; Gastroskopia: 68; CT: 72; Biopsja: 72; MR: 57; EKG: 75; RTG: 77; Kolonoskopia: 81; KREW: 64
34560,40,398,517.39,323.37,Aspiryna: 250; Ibuprofen: 207; Leki przeciwbólowe: 219; Antybiotyk: 203; Paracetamol: 192,USG: 58; Konsultacja: 73; Gastroskopia: 68; CT: 72; Biopsja: 72; MR: 57; EKG: 75; RTG: 77; Kolonoskopia: 81; KREW: 64
34560,40,398,517.39,323.37,Aspiryna: 250; Ibuprofen: 207; Leki przeciwbólowe: 219; Antybiotyk: 203; Paracetamol: 192,USG: 58; Konsultacja: 73; Gastroskopia: 68; CT: 72; Biopsja: 72; MR: 57; EKG: 75; RTG: 77; Kolonoskopia: 81; KREW: 64
34560,40,398,517.39,323.37,Aspiryna: 250; Ibuprofen: 207; Leki przeciwbólowe: 219; Antybiotyk: 203; Paracetamol: 192,USG: 58; Konsultacja: 73; Gastroskopia: 68; CT: 72; Biopsja: 72; MR: 57; EKG: 75; RTG: 77; Kolonoskopia: 81; KREW: 64
34560,41,398,517.39,323.37,Aspiryna: 250; Ibuprofen: 207; Leki przeciwbólowe: 219; Antybiotyk: 203; Paracetamol: 192,USG: 58; Konsultacja: 73; Gastroskopia: 68; CT: 72; Biopsja: 72; MR: 57; EKG: 75; RTG: 77; Kolonoskopia: 81; KREW: 64
36000,46,418,511.58,313.35,Aspiryna: 264; Ibuprofen: 226; Leki przeciwbólowe: 226; Antybiotyk: 217; Paracetamol: 207,USG: 61; Konsultacja: 76; Gastroskopia: 71; CT: 78; Biopsja: 74; MR: 60; EKG: 78; RTG: 84; Kolonoskopia: 86; KREW: 64
36000,46,418,511.58,313.35,Aspiryna: 264; Ibuprofen: 226; Leki przeciwbólowe: 226; Antybiotyk: 217; Paracetamol: 207,USG: 61; Konsultacja: 76; Gastroskopia: 71; CT: 78; Biopsja: 74; MR: 60; EKG: 78; RTG: 84; Kolonoskopia: 86; KREW: 64
36000,46,418,511.58,313.35,Aspiryna: 264; Ibuprofen: 226; Leki przeciwbólowe: 226; Antybiotyk: 217; Paracetamol: 207,USG: 61; Konsultacja: 76; Gastroskopia: 71; CT: 78; Biopsja: 74; MR: 60; EKG: 78; RTG: 84; Kolonoskopia: 86; KREW: 64
36000,46,418,511.58,313.35,Aspiryna: 264; Ibuprofen: 226; Leki przeciwbólowe: 226; Antybiotyk: 217; Paracetamol: 207,USG: 61; Konsultacja: 76; Gastroskopia: 71; CT: 78; Biopsja: 74; MR: 60; EKG: 78; RTG: 84; Kolonoskopia: 86; KREW: 64
36000,46,418,511.58,313.35,Aspiryna: 264; Ibuprofen: 226; Leki przeciwbólowe: 226; Antybiotyk: 217; Paracetamol: 207,USG: 61; Konsultacja: 76; Gastroskopia: 71; CT: 78; Biopsja: 74; MR: 60; EKG: 78; RTG: 84; Kolonoskopia: 86; KREW: 64
36000,46,418,511.58,313.35,Aspiryna: 264; Ibuprofen: 226; Leki przeciwbólowe: 226; Antybiotyk: 217; Paracetamol: 207,USG: 61; Konsultacja: 76; Gastroskopia: 71; CT: 78; Biopsja: 74; MR: 60; EKG: 78; RTG: 84; Kolonoskopia: 86; KREW: 64
36000,46,418,511.58,313.35,Aspiryna: 264; Ibuprofen: 226; Leki przeciwbólowe: 226; Antybiotyk: 217; Paracetamol: 207,USG: 61; Konsultacja: 76; Gastroskopia: 71; CT: 78; Biopsja: 74; MR: 60; EKG: 78; RTG: 84; Kolonoskopia: 86; KREW: 64
36000,46,418,511.58,313.35,Aspiryna: 264; Ibuprofen: 226; Leki przeciwbólowe: 226; Antybiotyk: 217; Paracetamol: 207,USG: 61; Konsultacja: 76; Gastroskopia: 71; CT: 78; Biopsja: 74; MR: 60; EKG: 78; RTG: 84; Kolonoskopia: 86; KREW: 64
36000,46,418,511.58,313.35,Aspiryna: 264; Ibuprofen: 226; Leki przeciwbólowe: 226; Antybiotyk: 217; Paracetamol: 207,USG: 61; Konsultacja: 76; Gastroskopia: 71; CT: 78; Biopsja: 74; MR: 60; EKG: 78; RTG: 84; Kolonoskopia: 86; KREW: 64
36000,46,418,511.58,313.35,Aspiryna: 264; Ibuprofen: 226; Leki przeciwbólowe: 226; Antybiotyk: 217; Paracetamol: 207,USG: 61; Konsultacja: 76; Gastroskopia: 71; CT: 78; Biopsja: 74; MR: 60; EKG: 78; RTG: 84; Kolonoskopia: 86; KREW: 64
37440,49,434,506.54,304.29,Aspiryna: 275; Ibuprofen: 233; Leki przeciwbólowe: 231; Antybiotyk: 227; Paracetamol: 214,USG: 64; Konsultacja: 78; Gastroskopia: 78; CT: 79; Biopsja: 76; MR: 63; EKG: 80; RTG: 88; Kolonoskopia: 88; KREW: 68
37440,49,434,506.54,304.29,Aspiryna: 275; Ibuprofen: 233; Leki przeciwbólowe: 231; Antybiotyk: 227; Paracetamol: 214,USG: 64; Konsultacja: 78; Gastroskopia: 78; CT: 79; Biopsja: 76; MR: 63; EKG: 80; RTG: 88; Kolonoskopia: 88; KREW: 68
37440,49,434,506.54,304.29,Aspiryna: 275; Ibuprofen: 233; Leki przeciwbólowe: 231; Antybiotyk: 227; Paracetamol: 214,USG: 64; Konsultacja: 78; Gastroskopia: 78; CT: 79; Biopsja: 76; MR: 63; EKG: 80; RTG: 88; Kolonoskopia: 88; KREW: 68
37440,49,434,506.54,304.29,Aspiryna: 275; Ibuprofen: 233; Leki przeciwbólowe: 231; Antybiotyk: 227; Paracetamol: 214,USG: 64; Konsultacja: 78; Gastroskopia: 78; CT: 79; Biopsja: 76; MR: 63; EKG: 80; RTG: 88; Kolonoskopia: 88; KREW: 68
37440,49,434,506.54,304.29,Aspiryna: 275; Ibuprofen: 233; Leki przeciwbólowe: 231; Antybiotyk: 227; Paracetamol: 214,USG: 64; Konsultacja: 78; Gastroskopia: 78; CT: 79; Biopsja: 76; MR: 63; EKG: 80; RTG: 88; Kolonoskopia: 88; KREW: 68
37440,49,434,506.54,304.29,Aspiryna: 275; Ibuprofen: 233; Leki przeciwbólowe: 231; Antybiotyk: 227; Paracetamol: 214,USG: 64; Konsultacja: 78; Gastroskopia: 78; CT: 79; Biopsja: 76; MR: 63; EKG: 80; RTG: 88; Kolonoskopia: 88; KREW: 68
37440,49,434,506.54,304.29,Aspiryna: 275; Ibuprofen: 233; Leki przeciwbólowe: 231; Antybiotyk: 227; Paracetamol: 214,USG: 64; Konsultacja: 78; Gastroskopia: 78; CT: 79; Biopsja: 76; MR: 63; EKG: 80; RTG: 88; Kolonoskopia: 88; KREW: 68
37440,49,434,506.54,304.29,Aspiryna: 275; Ibuprofen: 233; Leki przeciwbólowe: 231; Antybiotyk: 227; Paracetamol: 214,USG: 64; Konsultacja: 78; Gastroskopia: 78; CT: 79; Biopsja: 76; MR: 63; EKG: 80; RTG: 88; Kolonoskopia: 88; KREW: 68
37440,49,435,505.38,303.59,Aspiryna: 275; Ibuprofen: 233; Leki przeciwbólowe: 231; Antybiotyk: 227; Paracetamol: 214,USG: 65; Konsultacja: 78; Gastroskopia: 79; CT: 79; Biopsja: 77; MR: 63; EKG: 81; RTG: 88; Kolonoskopia: 88; KREW: 69
37440,49,435,505.38,303.59,Aspiryna: 275; Ibuprofen: 233; Leki przeciwbólowe: 231; Antybiotyk: 227; Paracetamol: 214,USG: 65; Konsultacja: 78; Gastroskopia: 79; CT: 79; Biopsja: 77; MR: 63; EKG: 81; RTG: 88; Kolonoskopia: 88; KREW: 69
38880,60,448,499.55,296.79,Aspiryna: 281; Ibuprofen: 240; Leki przeciwbólowe: 244; Antybiotyk: 227; Paracetamol: 221,USG: 65; Konsultacja: 79; Gastroskopia: 84; CT: 79; Biopsja: 78; MR: 64; EKG: 84; RTG: 92; Kolonoskopia: 89; KREW: 71
38880,60,448,499.55,296.79,Aspiryna: 281; Ibuprofen: 240; Leki przeciwbólowe: 244; Antybiotyk: 227; Paracetamol: 221,USG: 65; Konsultacja: 79; Gastroskopia: 84; CT: 79; Biopsja: 78; MR: 64; EKG: 84; RTG: 92; Kolonoskopia: 89; KREW: 71
38880,60,448,499.55,296.79,Aspiryna: 281; Ibuprofen: 240; Leki przeciwbólowe: 244; Antybiotyk: 227; Paracetamol: 221,USG: 65; Konsultacja: 79; Gastroskopia: 84; CT: 79; Biopsja: 78; MR: 64; EKG: 84; RTG: 92; Kolonoskopia: 89; KREW: 71
38880,60,448,499.55,296.79,Aspiryna: 281; Ibuprofen: 240; Leki przeciwbólowe: 244; Antybiotyk: 227; Paracetamol: 221,USG: 65; Konsultacja: 79; Gastroskopia: 84; CT: 79; Biopsja: 78; MR: 64; EKG: 84; RTG: 92; Kolonoskopia: 89; KREW: 71
38880,60,448,499.55,296.79,Aspiryna: 281; Ibuprofen: 240; Leki przeciwbólowe: 244; Antybiotyk: 227; Paracetamol: 221,USG: 65; Konsultacja: 79; Gastroskopia: 84; CT: 79; Biopsja: 78; MR: 64; EKG: 84; RTG: 92; Kolonoskopia: 89; KREW: 71
38880,60,448,499.55,296.79,Aspiryna: 281; Ibuprofen: 240; Leki przeciwbólowe: 244; Antybiotyk: 227; Paracetamol: 221,USG: 65; Konsultacja: 79; Gastroskopia: 84; CT: 79; Biopsja: 78; MR: 64; EKG: 84; RTG: 92; Kolonoskopia: 89; KREW: 71
38880,60,448,499.55,296.79,Aspiryna: 281; Ibuprofen: 240; Leki przeciwbólowe: 244; Antybiotyk: 227; Paracetamol: 221,USG: 65; Konsultacja: 79; Gastroskopia: 84; CT: 79; Biopsja: 78; MR: 64; EKG: 84; RTG: 92; Kolonoskopia: 89; KREW: 71
38880,60,448,499.55,296.79,Aspiryna: 281; Ibuprofen: 240; Leki przeciwbólowe: 244; Antybiotyk: 227; Paracetamol: 221,USG: 65; Konsultacja: 79; Gastroskopia: 84; CT: 79; Biopsja: 78; MR: 64; EKG: 84; RTG: 92; Kolonoskopia: 89; KREW: 71
38880,60,448,499.55,296.79,Aspiryna: 281; Ibuprofen: 240; Leki przeciwbólowe: 244; Antybiotyk: 227; Paracetamol: 221,USG: 65; Konsultacja: 79; Gastroskopia: 84; CT: 79; Biopsja: 78; MR: 64; EKG: 84; RTG: 92; Kolonoskopia: 89; KREW: 71
38880,60,448,499.55,296.79,Aspiryna: 281; Ibuprofen: 240; Leki przeciwbólowe: 244; Antybiotyk: 227; Paracetamol: 221,USG: 65; Konsultacja: 79; Gastroskopia: 84; CT: 79; Biopsja: 78; MR: 64; EKG: 84; RTG: 92; Kolonoskopia: 89; KREW: 71
40320,64,465,499.48,289.81,Aspiryna: 292; Ibuprofen: 245; Leki przeciwbólowe: 256; Antybiotyk: 236; Paracetamol: 229,USG: 67; Konsultacja: 81; Gastroskopia: 86; CT: 80; Biopsja: 80; MR: 68; EKG: 89; RTG: 98; Kolonoskopia: 92; KREW: 74
40320,64,465,499.48,289.81,Aspiryna: 292; Ibuprofen: 245; Leki przeciwbólowe: 256; Antybiotyk: 236; Paracetamol: 229,USG: 67; Konsultacja: 81; Gastroskopia: 86; CT: 80; Biopsja: 80; MR: 68; EKG: 89; RTG: 98; Kolonoskopia: 92; KREW: 74
40320,64,465,499.48,289.81,Aspiryna: 292; Ibuprofen: 245; Leki przeciwbólowe: 256; Antybiotyk: 236; Paracetamol: 229,USG: 67; Konsultacja: 81; Gastroskopia: 86; CT: 80; Biopsja: 80; MR: 68; EKG: 89; RTG: 98; Kolonoskopia: 92; KREW: 74
40320,64,465,499.48,289.81,Aspiryna: 292; Ibuprofen: 245; Leki przeciwbólowe: 256; Antybiotyk: 236; Paracetamol: 229,USG: 67; Konsultacja: 81; Gastroskopia: 86; CT: 80; Biopsja: 80; MR: 68; EKG: 89; RTG: 98; Kolonoskopia: 92; KREW: 74
40320,64,465,499.48,289.81,Aspiryna: 292; Ibuprofen: 245; Leki przeciwbólowe: 256; Antybiotyk: 236; Paracetamol: 229,USG: 67; Konsultacja: 81; Gastroskopia: 86; CT: 80; Biopsja: 80; MR: 68; EKG: 89; RTG: 98; Kolonoskopia: 92; KREW: 74
40320,64,465,499.48,289.81,Aspiryna: 292; Ibuprofen: 245; Leki przeciwbólowe: 256; Antybiotyk: 236; Paracetamol: 229,USG: 67; Konsultacja: 81; Gastroskopia: 86; CT: 80; Biopsja: 80; MR: 68; EKG: 89; RTG: 98; Kolonoskopia: 92; KREW: 74
40320,64,465,499.48,289.81,Aspiryna: 292; Ibuprofen: 245; Leki przeciwbólowe: 256; Antybiotyk: 236; Paracetamol: 229,USG: 67; Konsultacja: 81; Gastroskopia: 86; CT: 80; Biopsja: 80; MR: 68; EKG: 89; RTG: 98; Kolonoskopia: 92; KREW: 74
40320,64,465,499.48,289.81,Aspiryna: 292; Ibuprofen: 245; Leki przeciwbólowe: 256; Antybiotyk: 236; Paracetamol: 229,USG: 67; Konsultacja: 81; Gastroskopia: 86; CT: 80; Biopsja: 80; MR: 68; EKG: 89; RTG: 98; Kolonoskopia: 92; KREW: 74
40320,64,465,499.48,289.81,Aspiryna: 292; Ibuprofen: 245; Leki przeciwbólowe: 256; Antybiotyk: 236; Paracetamol: 229,USG: 67; Konsultacja: 81; Gastroskopia: 86; CT: 80; Biopsja: 80; MR: 68; EKG: 89; RTG: 98; Kolonoskopia: 92; KREW: 74
40320,64,465,499.48,289.81,Aspiryna: 292; Ibuprofen: 245; Leki przeciwbólowe: 256; Antybiotyk: 236; Paracetamol: 229,USG: 67; Konsultacja: 81; Gastroskopia: 86; CT: 80; Biopsja: 80; MR: 68; EKG: 89; RTG: 98; Kolonoskopia: 92; KREW: 74
